,loc1,loc2,name,location
0,충청남도,보령시,보령현대점,"충청남도 보령시 동현로 34, (동대동)"
1,서울특별시,성북구,보문부강점,서울특별시 성북구 보문로29길 17 백제빌딩
2,서울특별시,성북구,보문좋은점,"서울특별시 성북구 지봉로 175, (보문동2가)"
3,,,보문파크뷰점, 
4,전라남도,보성군,보성역점,"전라남도 보성군 보성읍 신흥길 2, (보성리)"
5,전라남도,보성군,보성회천점,전라남도 보성군 회천면 충의로 1
6,부산광역시,중구,보수원룸점,"부산광역시 중구 보수대로124번길 25-2, (보수동2가)"
7,부산광역시,중구,보수중앙점,"부산광역시 중구 흑교로 45, (보수동2가)"
8,,,보은산업단지점, 
9,충청북도,보은군,보은속리산점,"충청북도 보은군 속리산면 법주사로 235-1, (사내리)"
10,충청북도,보은군,보은신제일점,"충청북도 보은군 보은읍 보은로 110, (삼산리) 1호"
11,충청북도,보은군,보은이평점,"충청북도 보은군 보은읍 뱃들로 47, (이평리)"
12,충청북도,보은군,보은점,"충청북도 보은군 보은읍 삼산남로 47, (삼산리, 대림드림빌라)"
13,충청북도,보은군,보은터미널점,"충청북도 보은군 보은읍 삼산남로 8, (삼산리)"
14,경기도,용인시,보정동아점,"경기도 용인시 기흥구 보정로 30, (보정동, 행원마을동아솔레시티1단지아파트)"
15,경기도,용인시,보정자이점,경기도 용인시 기흥구 용구대로2469번길 20 자이아파트
16,울산광역시,중구,복산서원점,울산광역시 중구 서원7길 18
17,울산광역시,중구,복산한비점,"울산광역시 중구 도화골4길 2, (복산동)"
18,대전광역시,서구,복수마루미점,"대전광역시 서구 복수중로 30, 상가(복수동, 오량마을마루미그린채아파트) 104호"
19,부산광역시,서구,복음병원점,"부산광역시 서구 감천로 255, (암남동)"
20,경기도,성남시,복정빌리지점,경기도 성남시 수정구 복정로134번길 22 - 10 (복정동) 복정동
21,경기도,성남시,복정성공점,"경기도 성남시 수정구 복정로106번길 1, (복정동)"
22,경기도,성남시,복정원룸점,"경기도 성남시 수정구 복정로96번길 18, (복정동)"
23,경기도,성남시,복정으뜸점,"경기도 성남시 수정구 성남대로1390번길 25-2, (복정동)"
24,경기도,성남시,복정하나점,"경기도 성남시 수정구 복정로 135, 미보빌딩  (복정동)"
25,서울특별시,노원구,복지공릉충전소점,서울특별시 노원구 화랑로 826
26,,,복지노원충전소점, 
27,경기도,의정부시,복지북부충전소점,"경기도 의정부시 평화로 75, (호원동)"
28,부산광역시,동래구,복천우성점,부산광역시 동래구 복천로 4
29,대구광역시,북구,복현대로점,"대구광역시 북구 동북로 263, (복현동)"
30,대구광역시,북구,복현점,"대구광역시 북구 경진로1길 10, (복현동)"
31,대구광역시,북구,복현푸르지오점,"대구광역시 북구 동북로 345, 상가  120(복현동, 복현푸르지오)"
32,대구광역시,달서구,본리점,"대구광역시 달서구 와룡로 90, (본리동)"
33,대구광역시,달서구,본리제일점,"대구광역시 달서구 와룡로 85, (본리동)"
34,경기도,안산시,본오밀레니엄점,"경기도 안산시 상록구 반석로 121, (본오동) 1층 103호"
35,경기도,안산시,본오풍년점,"경기도 안산시 상록구 선암로 34-1, (본오동) 102호"
36,광주광역시,북구,본촌타운점,광주광역시 북구 상촌로43번길 54
37,경상북도,구미시,봉곡서로점,"경상북도 구미시 봉곡서로 21, (봉곡동)"
38,경상북도,구미시,봉곡점,"경상북도 구미시 봉곡남로 129, (봉곡동)"
39,경기도,안성시,봉남점,"경기도 안성시 중앙로419번길 16-5, (봉남동)"
40,경기도,화성시,봉담당하점,"경기도 화성시 봉담읍 삼천병마로 870, (당하리)"
41,경기도,화성시,봉담유리점,"경기도 화성시 봉담읍 시청로 1419, (유리)"
42,대구광역시,남구,봉덕대로점,"대구광역시 남구 봉덕로 26, (봉덕동)"
43,전라북도,완주군,봉동원룸점,"전라북도 완주군 봉동읍 둔산2로 47, (둔산리)"
44,충청남도,천안시,봉명스마일점,"충청남도 천안시 동남구 순천향3길 37, (봉명동)"
45,대구광역시,동구,봉무태왕아너스점,"대구광역시 동구 팔공로 241, 태왕아너스타워상가 호(봉무동) 131호"
46,광주광역시,남구,봉선라인점,"광주광역시 남구 용대로 130, (봉선동)"
47,광주광역시,남구,봉선솔뫼점,"광주광역시 남구 봉선로 127, (봉선동, 솔뫼렉스케이원) 205호"
48,광주광역시,남구,봉선쌍용점,"광주광역시 남구 봉선로 164, (봉선동) 104호"
49,광주광역시,남구,봉선점,"광주광역시 남구 봉선중앙로 134, (봉선동)"
50,광주광역시,남구,봉선중앙점,"광주광역시 남구 봉선2로 34, (봉선동)"
51,광주광역시,남구,봉선지웰점,광주광역시 남구 봉선중앙로 68 테라코라아동미술학원
52,경상남도,창원시,봉암공단점,"경상남도 창원시 마산회원구 봉암공단3길 120, (봉암동)"
53,경기도,양주시,봉양점,"경기도 양주시 칠봉산로 307, (봉양동)"
54,경기도,파주시,봉일천점,"경기도 파주시 조리읍 봉천로 46, (봉일천리)"
55,서울특별시,관악구,봉천대로점,서울특별시 관악구 남부순환로 1713-7 동해빌딩
56,서울특별시,관악구,봉천승리점,서울특별시 관악구 행운7길 16
57,서울특별시,관악구,봉천역점,"서울특별시 관악구 남부순환로 1742,  (봉천동) 1층"
58,서울특별시,관악구,봉천장미점,"서울특별시 관악구 인헌길 123, (봉천동)"
59,서울특별시,관악구,봉천제일점,"서울특별시 관악구 양녕로 29, (봉천동)"
60,강원도,평창군,봉평메밀점,"강원도 평창군 봉평면 기풍로 150,  (창동리) 1층"
61,,,봉하대통점, 
62,경상북도,봉화군,봉화강변점,"경상북도 봉화군 봉화읍 내성로5길 22-18, (내성리)"
63,경상북도,봉화군,봉화중앙점,"경상북도 봉화군 봉화읍 봉화로 1193, (내성리)"
64,세종특별자치시,부강면,부강대로점,"세종특별자치시 부강면 청연로 161, (부강리)"
65,세종특별자치시,부강면,부강점,"세종특별자치시 부강면 부강로 1, (부강리)"
66,인천광역시,부평구,부개3동점,"인천광역시 부평구 충선로 174, (부개동)"
67,인천광역시,부평구,부개5단지점,"인천광역시 부평구 부개로 9, (부개동)"
68,인천광역시,부평구,부개먹자대로점,"인천광역시 부평구 수변로78번길 11, (부개동)"
69,인천광역시,부평구,부개무지개점,"인천광역시 부평구 길주로 640, (부개동, 대동아파트)"
70,인천광역시,부평구,부개오성점,인천광역시 부평구 길주남로114번길 20 롯데탑스빌
71,인천광역시,부평구,부개점,"인천광역시 부평구 부흥로 420, (부개동)"
72,인천광역시,부평구,부개중앙점,"인천광역시 부평구 마분로19번길 3, (부개동)"
73,인천광역시,부평구,부개크라운점,"인천광역시 부평구 경인로1058번길 13, (부개동)"
74,부산광역시,남구,부경대2호점,"부산광역시 남구 수영로322번길 22, (대연동)"
75,부산광역시,남구,부경대미래관점,"부산광역시 남구 용소로 45, 부경대학교  미래관(대연동)"
76,경상남도,김해시,부경일루미아점,"경상남도 김해시 가락대로 929-1, (수가동)"
77,부산광역시,남구,부경해오름점,"부산광역시 남구 용소로19번길 26, (대연동)"
78,부산광역시,금정구,부곡글로리점,"부산광역시 금정구 중앙대로1778번길 37, (부곡동)"
79,부산광역시,금정구,부곡리젠시점,"부산광역시 금정구 부곡로 28, (부곡동)"
80,부산광역시,금정구,부곡사랑점,"부산광역시 금정구 부곡로126번길 20, (부곡동)"
81,부산광역시,금정구,부곡서희점,부산광역시 금정구 수림로20번길 33
82,경상남도,창녕군,부곡스포츠파크점,"경상남도 창녕군 부곡면 온천로 684, (부곡리)"
83,부산광역시,금정구,부곡쌍용점,"부산광역시 금정구 수림로 25, (부곡동, 쌍용)"
84,부산광역시,금정구,부곡우신점,"부산광역시 금정구 중앙대로1667번길 8, (부곡동) 우신뉴타운아파트"
85,부산광역시,금정구,부곡점,"부산광역시 금정구 중앙대로1719번길 37, (부곡동)"
86,경상북도,김천시,부곡중앙로점,"경상북도 김천시 부곡중앙4길 2,  (부곡동) 1층"
87,경기도,군포시,부곡중앙점,"경기도 군포시 송부로221번길 6, (부곡동)"
88,부산광역시,금정구,부곡푸른점,부산광역시 금정구 동현로 50
89,경상남도,밀양시,부대밀양캠퍼스점,"경상남도 밀양시 삼랑진읍 숭진석탑길 70-36, (숭진리)"
90,부산광역시,부산진구,부산가야점,"부산광역시 부산진구 엄광로 215, (가야동)"
91,부산광역시,연제구,부산거제2호점,"부산광역시 연제구 해맞이로77번길 51, (거제동) 리버빌"
92,부산광역시,연제구,부산거제대로점,"부산광역시 연제구 거제대로 254, (거제동)"
93,부산광역시,연제구,부산거제점,부산광역시 연제구 해맞이로 77-1
94,부산광역시,연제구,부산경상대학경상관점,"부산광역시 연제구 고분로 170, 부산경상대학  경상관내(연산동)"
95,부산광역시,북구,부산과학기술대학점,"부산광역시 북구 시랑로132번길 73,  하(구포동) 1층"
96,부산광역시,연제구,부산교대점,"부산광역시 연제구 여고로 76, (거제동)"
97,부산광역시,북구,부산구포점,"부산광역시 북구 시랑로 162, (구포동)"
98,부산광역시,남구,부산국제금융센터점,부산광역시 남구 문현금융로 40 부산국제금융센터
99,부산광역시,북구,부산금곡점,부산광역시 북구 효열로 211
100,부산광역시,서구,부산꽃동네점,부산광역시 서구 꽃마을로 159
101,부산광역시,서구,부산남부민동점,"부산광역시 서구 천마로 57, (남부민동, 대동맨션)"
102,부산광역시,중구,부산남포점,부산광역시 중구 남포길 31
103,부산광역시,부산진구,부산당감점,"부산광역시 부산진구 백양대로136번길 41, (당감동)"
104,부산광역시,금정구,부산대금조점,"부산광역시 금정구 금강로321번길 61, (장전동)"
105,부산광역시,금정구,부산대정문점,"부산광역시 금정구 부산대학로 45-1, (장전동)"
106,부산광역시,중구,부산대청로점,부산광역시 중구 대청로 127
107,부산광역시,금정구,부산대학교앞역점,"부산광역시 금정구 장전온천천로 48, 지하철역사내  (장전동)"
108,부산광역시,금정구,부산대학역점,"부산광역시 금정구 부곡온천천로 32, (부곡동)"
109,부산광역시,금정구,부산대행운점,"부산광역시 금정구 금강로279번길 2, (장전동)"
110,부산광역시,북구,부산덕천점,부산광역시 북구 백양대로 1187
111,부산광역시,동래구,부산동래점,"부산광역시 동래구 온천천로 147, (명륜동)"
112,부산광역시,북구,부산만덕주공점,"부산광역시 북구 함박봉로140번길 21, (만덕동, 만덕주공3단지아파트)"
113,부산광역시,남구,부산문현점,부산광역시 남구 수영로39번길 29-14
114,부산광역시,강서구,부산물류터미널점,"부산광역시 강서구 녹산산업북로 119, 관리사무동 (송정동) 1동 105호"
115,,,부산범일LH점, 
116,부산광역시,사상구,부산벤처타워점,부산광역시 사상구 모라로 22 (모라동)
117,부산광역시,중구,부산부평점,"부산광역시 중구 흑교로 11-1, (부평동3가) 1층 1동 1호"
118,부산광역시,사상구,부산사상점,"부산광역시 사상구 사상로223번길 40, 홀인원골프  (괘법동)"
119,부산광역시,사상구,부산사상터미널점,"부산광역시 사상구 사상로 201, 서부시외버스터미널  (괘법동)"
120,부산광역시,부산진구,부산서면역점,"부산광역시 부산진구 중앙대로 730, 선서면역내상가 부전동 부전동(부전동) 2호"
121,부산광역시,수영구,부산수영점,"부산광역시 수영구 감포로88번길 3, (민락동)"
122,부산광역시,동구,부산수정동점,"부산광역시 동구 망양로 836, (수정동)"
123,부산광역시,부산진구,부산시민공원북문점,부산광역시 부산진구 동평로 273 금오파크뷰
124,부산광역시,부산진구,부산시민공원점,"부산광역시 부산진구 새싹로 82-3, (범전동)"
125,부산광역시,부산진구,부산시청점,"부산광역시 부산진구 중앙대로 990, (양정동)"
126,부산광역시,연제구,부산시청지하철역점,"부산광역시 연제구 중앙대로 999, 부산시청  지하철역 내(연산동)"
127,부산광역시,동래구,부산안락점,부산광역시 동래구 연안로 74 (안락동) 안락뜨란채 2단지 아파트 상가 101호 1층 101호
128,부산광역시,부산진구,부산양정점,"부산광역시 부산진구 양지로 6-1, (양정동)"
129,부산광역시,동구,부산역점,"부산광역시 동구 중앙대로 203, (초량동)"
130,부산광역시,동구,부산역중앙점,부산광역시 동구 중앙대로214번길 3-12
131,부산광역시,연제구,부산연산점,"부산광역시 연제구 중앙대로 1091, (연산동)"
132,부산광역시,중구,부산영주동점,"부산광역시 중구 대영로 221, (영주동)"
133,,,부산영화박물관점, 
134,부산광역시,중구,부산자갈치점,부산광역시 중구 자갈치로23번길 2
135,부산광역시,동구,부산제일점,"부산광역시 동구 중앙대로196번길 6-14, (초량동)"
136,부산광역시,부산진구,부산조방점,"부산광역시 부산진구 자유평화로 21-13, (범천동)"
137,부산광역시,동구,부산지하철역점,"부산광역시 동구 중앙대로 206, 부산지하철역내  (초량동)"
138,부산광역시,부산진구,부산진포돌이점,"부산광역시 부산진구 부전로111번길 14, (부전동)"
139,부산광역시,동구,부산초량예스점,부산광역시 동구 중앙대로241번길 22
140,부산광역시,동구,부산초량제일점,부산광역시 동구 중앙대로286번길 4
141,부산광역시,서구,부산충무동점,"부산광역시 서구 천마로 201, (충무동3가)"
142,부산광역시,중구,부산포레호텔점,부산광역시 중구 구덕로 54-1
143,부산광역시,북구,부산폴리텍이레점,"부산광역시 북구 만덕대로155번길 60, (덕천동)"
144,부산광역시,금정구,부산회동점,"부산광역시 금정구 개좌로 233, (회동동)"
145,전라북도,익산시,부송미소점,"전라북도 익산시 선화로73길 28, (부송동)"
146,전라북도,익산시,부송중앙점,"전라북도 익산시 하나로10길 68, (부송동)"
147,전라북도,부안군,부안격포점,"전라북도 부안군 변산면 격포항길 31, (격포리)"
148,전라북도,부안군,부안계화점,전라북도 부안군 계화면 간재로 411 (창북리)
149,,,부안고사포점, 
150,전라북도,부안군,부안내소사점,"전라북도 부안군 진서면 내소사로 177, (석포리)"
151,전라북도,부안군,부안미소점,"전라북도 부안군 부안읍 번영로 106, (서외리)"
152,전라북도,부안군,부안상록점,"전라북도 부안군 변산면 변산로 3199, (도청리)"
153,전라북도,부안군,부안역리점,"전라북도 부안군 행안면 염소로 11, (역리)"
154,전라북도,부안군,부안점,"전라북도 부안군 부안읍 석정로 223, (봉덕리)"
155,,,부안줄포로드점, 
156,전라북도,부안군,부안채석강점,"전라북도 부안군 변산면 채석강길 9, (격포리)"
157,서울특별시,종로구,부암럭키점,서울특별시 종로구 백석동길 15
158,부산광역시,부산진구,부암마제스타워점,"부산광역시 부산진구 동평로 197, (부암동) 마제스타워서면"
159,부산광역시,부산진구,부암쌍용점,"부산광역시 부산진구 시민공원로 11, (부암동, 쌍용스윗닷홈스카이)"
160,부산광역시,부산진구,부암점,"부산광역시 부산진구 신천대로 204, (부암동)"
161,부산광역시,부산진구,부암화승점,"부산광역시 부산진구 당감로 79, (부암동, 화승)"
162,,,부여규암점, 
163,충청남도,부여군,부여동남점,"충청남도 부여군 부여읍 계백로 300, (동남리)"
164,충청남도,부여군,부여로터리점,"충청남도 부여군 부여읍 석목로 3, (석목리)"
165,충청남도,부여군,부여반산점,"충청남도 부여군 규암면 흥수로 885, (반산리)"
166,충청남도,부여군,부여사비점,충청남도 부여군 부여읍 사비로 60-1
167,충청남도,부여군,부여석성점,"충청남도 부여군 석성면 증산로39번길 1, (증산리)"
168,충청남도,부여군,부여쌍북점,"충청남도 부여군 부여읍 성왕로 318, (쌍북리)"
169,충청남도,부여군,부여왕궁점,"충청남도 부여군 부여읍 성왕로352번길 9, (쌍북리, 왕궁아파트)"
170,충청남도,부여군,부여은산점,"충청남도 부여군 은산면 충의로676번길 1, (신대리)"
171,충청남도,부여군,부여점,"충청남도 부여군 부여읍 성왕로 228, (구아리)"
172,충청남도,부여군,부여중앙점,"충청남도 부여군 부여읍 중앙로 8, (구아리)"
173,충청남도,부여군,부여홍산점,"충청남도 부여군 홍산면 홍산로 47, (남촌리)"
174,서울특별시,중구,부영사옥점,"서울특별시 중구 세종대로9길 42, 부영빌딩  (서소문동)"
175,서울특별시,중구,부영태평점,"서울특별시 중구 세종대로 55, (태평로2가) 부영태평빌딩"
176,부산광역시,서구,부용동원룸점,"부산광역시 서구 구덕로250번길 17, (부용동1가)"
177,경기도,의정부시,부용초교점,경기도 의정부시 오목로 73 한라비발디아파트
178,경상남도,김해시,부원아이스퀘어점,"경상남도 김해시 김해대로 2342, (부원동, 부원역푸르지오)"
179,부산광역시,부산진구,부전그린점,부산광역시 부산진구 부전로140번길 25
180,부산광역시,부산진구,부전로타리점,"부산광역시 부산진구 새싹로 14, (부전동)"
181,부산광역시,부산진구,부전서전로점,부산광역시 부산진구 서전로9번길 19
182,부산광역시,부산진구,부전점,"부산광역시 부산진구 서면문화로 7, (부전동)"
183,부산광역시,부산진구,부전지하철역점,"부산광역시 부산진구 중앙대로 786, 부전지하철역내  (부전동)"
184,경기도,부천시,부천SK채움주유소점,경기도 부천시 길주로 386 고객제일주유소
185,경기도,부천시,부천강남점,"경기도 부천시 옥산로 135, (춘의동)"
186,경기도,부천시,부천계남로점,"경기도 부천시 원미구 계남로 323,  (춘의동, 성진그린타운)"
187,경기도,부천시,부천고강점,"경기도 부천시 오정구 원종로 120,  (고강동, 대하에버그린빌라) 1동"
188,경기도,부천시,부천괴안점,"경기도 부천시 소사구 범안로 55, (괴안동)"
189,경기도,부천시,부천굿모닝점,"경기도 부천시 원미구 심중로 46, (심곡동)"
190,경기도,부천시,부천기둥점,"경기도 부천시 원미구 부흥로355번길 35, (심곡동)"
191,경기도,부천시,부천나눔점,경기도 부천시 원미구 부천로130번길 32
192,경기도,부천시,부천나이스점,"경기도 부천시 오정구 삼작로396번길 60,  (작동, 성진타운) 101동"
193,경기도,부천시,부천남부점,"경기도 부천시 소사구 자유로 67, (심곡본동)"
194,경기도,부천시,부천내동점,경기도 부천시 오정구 신흥로389번길 53
195,경기도,부천시,부천대학점,경기도 부천시 장말로352번길 44
196,경기도,부천시,부천도당공단점,경기도 부천시 부천로 274
197,경기도,부천시,부천도당점,"경기도 부천시 원미구 부천로 247, (도당동)"
198,경기도,부천시,부천동우주유소점,"경기도 부천시 오정구 삼작로 151, (내동)"
199,경기도,부천시,부천메디스타워점,"경기도 부천시 소사구 경인로 264, (심곡본동)"
200,경기도,부천시,부천범박점,"경기도 부천시 양지로92번길 40-1, (범박동)"
201,경기도,부천시,부천베스티안점,"경기도 부천시 소사구 경인로 150, (송내동)"
202,경기도,부천시,부천부성파인점,경기도 부천시 경인로 376
203,경기도,부천시,부천북도서관점,"경기도 부천시 원미구 삼작로 303,  (도당동, 성진그린타운) 103동"
204,경기도,부천시,부천북부그린점,"경기도 부천시 원미구 부천로6번길 34, (심곡동)"
205,경기도,부천시,부천북부점,"경기도 부천시 원미구 부천로3번길 29, (심곡동)"
206,,,부천산들점, 
207,경기도,부천시,부천상동스타점,"경기도 부천시 원미구 길주로 63, (상동, 스타팰리스2차) 124호"
208,경기도,부천시,부천상동원룸점,"경기도 부천시 원미구 석천로30번길 65, (상동, 대호빌딩)"
209,경기도,부천시,부천상일점,경기도 부천시 조마루로97번길 33-23 건우주택 (상동) 건우주택
210,경기도,부천시,부천서림테크노점,"경기도 부천시 원미구 도약로 314, (도당동)"
211,경기도,부천시,부천소사본점,"경기도 부천시 소사구 은성로 62, (소사본동)"
212,경기도,부천시,부천소사역점,"경기도 부천시 원미구 부일로 595, (소사동, 대흥센스빌)"
213,경기도,부천시,부천소사점,"경기도 부천시 소사구 소사로126번길 5, (소사본동)"
214,경기도,부천시,부천신흥로점,"경기도 부천시 원미구 신흥로59번길 28, (심곡동)"
215,경기도,부천시,부천신흥점,"경기도 부천시 오정구 중동로 418, (삼정동)"
216,경기도,부천시,부천심곡본동점,"경기도 부천시 소사구 성주로255번길 9, (심곡본동)"
217,경기도,부천시,부천심곡센터점,경기도 부천시 부흥로424번길 20
218,경기도,부천시,부천심곡점,"경기도 부천시 소사구 경인로234번길 7, (심곡본동)"
219,경기도,부천시,부천심곡현대점,"경기도 부천시 원미구 조마루로372번길 38, 심곡동  (심곡동) 1층"
220,경기도,부천시,부천아이파크점,경기도 부천시 약대로 3
221,경기도,부천시,부천앵무점,"경기도 부천시 오정구 원종로79번길 26, (원종동)"
222,경기도,부천시,부천여우고개점,"경기도 부천시 소사구 호현로 389, (소사본동)"
223,경기도,부천시,부천역사점,"경기도 부천시 소사구 경인로 362, 소사본동부천역사쇼핑몰 지(소사본동) 1층 하호"
224,경기도,부천시,부천예술고점,"경기도 부천시 원미구 길주로 177, (중동, 중동에스티마오피스텔) 106호"
225,경기도,부천시,부천오정구청점,"경기도 부천시 오정구 성오로 144, (오정동)"
226,경기도,부천시,부천오정산업단지2호,"경기도 부천시 오정구 산업로 18, (오정동)"
227,경기도,부천시,부천오정산업단지점,"경기도 부천시 오정구 산업로 46, (오정동)"
228,경기도,부천시,부천오정원룸점,"경기도 부천시 오정구 산업로120번길 4, (오정동)"
229,경기도,부천시,부천오정점,"경기도 부천시 오정구 오정로 209-4, (오정동)"
230,,,부천옥길점, 
231,경기도,부천시,부천원미점,"경기도 부천시 원미구 원미로 143, (원미동)"
232,경기도,부천시,부천원미탑점,"경기도 부천시 원미구 부천로86번길 65, (원미동, 대훈탑스빌)"
233,경기도,부천시,부천원종점,"경기도 부천시 오정구 삼작로 382, (원종동)"
234,경기도,부천시,부천위브점,"경기도 부천시 원미구 신흥로 190, (중동, 위브더스테이트1단지아파트) 101동 111호"
235,경기도,부천시,부천윌타운점,"경기도 부천시 원미구 부일로205번길 46, (상동, 윌타운)"
236,경기도,부천시,부천중앙점,"경기도 부천시 원미구 심중로 106,  (심곡동)"
237,경기도,부천시,부천진달래마을점,"경기도 부천시 원미구 계남로 72, (상동, 진달래마을효성아파트)"
238,경기도,부천시,부천춘의점,"경기도 부천시 원미구 부천로198번길 36, 춘의테크노파크1차아파트 103(춘의동) 104호"
239,경기도,부천시,부천테크노3단지점,경기도 부천시 오정구 석천로 345 부천테크노파크
240,경기도,부천시,부천테크노파크점,"경기도 부천시 오정구 석천로 344-1, (삼정동)"
241,경기도,부천시,부천현대점,"경기도 부천시 소사구 범안로 130-21, (범박동, 현대홈타운5단지아파트)"
242,경기도,부천시,부천화신점,"경기도 부천시 원미구 부일로 519, (심곡동)"
243,인천광역시,부평구,부평5동점,"인천광역시 부평구 부평문화로 131, (부평동)"
244,인천광역시,부평구,부평M타워점,"인천광역시 부평구 부흥로334번길 4, (부평동) 102호"
245,인천광역시,부평구,부평갈산2동점,"인천광역시 부평구 갈월서로 10, (갈산동)"
246,인천광역시,부평구,부평경인센터점,"인천광역시 부평구 백범로577번길 15-5, (십정동)"
247,인천광역시,부평구,부평골목길점,"인천광역시 부평구 경원대로 1377, (부평동)"
248,인천광역시,부평구,부평공원점,"인천광역시 부평구 길주남로 33, (부평동)"
249,부산광역시,중구,부평광복로점,"부산광역시 중구 광복로 22-1, (부평동1가)"
250,,,부평구청역사점, 
251,인천광역시,부평구,부평구청점,인천광역시 부평구 길주로 510
252,인천광역시,부평구,부평남부역점,"인천광역시 부평구 경인로 948, (부평동)"
253,인천광역시,부평구,부평다온점,"인천광역시 부평구 충선로73번길 36, (부평동)"
254,인천광역시,부평구,부평다운타운점,"인천광역시 부평구 대정로 66, (부평동)"
255,인천광역시,부평구,부평대로점,"인천광역시 부평구 부흥로 301, (부평동)"
256,인천광역시,부평구,부평도서관점,인천광역시 부평구 신트리로 18
257,인천광역시,부평구,부평동아점,"인천광역시 부평구 부흥로 245, 필지 부평동메디빌(부평동) 1호"
258,인천광역시,부평구,부평동암2호점,"인천광역시 부평구 동암광장로8번길 18, (십정동)"
259,인천광역시,부평구,부평동암남부역점,"인천광역시 부평구 동암남로 4, 리치프라자  (십정동)"
260,인천광역시,부평구,부평라일점,인천광역시 부평구 장제로 125
261,,,부평래미안점, 
262,인천광역시,부평구,부평마이빌점,"인천광역시 부평구 부평대로 102, (부평동, 대우마이빌)"
263,인천광역시,부평구,부평메인점,"인천광역시 부평구 대정로 81, (부평동)"
264,인천광역시,부평구,부평문화점,"인천광역시 부평구 부평문화로65번길 25, (부평동)"
265,인천광역시,부평구,부평부광2호점,"인천광역시 부평구 수변로9번길 4, 효정빌딩  (부개동)"
266,인천광역시,부평구,부평부광점,"인천광역시 부평구 부평대로63번길 10-103, (부평동)"
267,인천광역시,부평구,부평북부역점,"인천광역시 부평구 경원대로1363번길 42, (부평동)"
268,인천광역시,부평구,부평블루점,"인천광역시 부평구 시장로61번길 6, (부평동) 105호"
269,인천광역시,부평구,부평사랑점,"인천광역시 부평구 부흥로267번길 25, (부평동)"
270,인천광역시,부평구,부평산곡점,"인천광역시 부평구 안남로 260, (산곡동, 현대아파트)"
271,인천광역시,부평구,부평선경점,"인천광역시 부평구 장제로52번길 23, (부평동)"
272,인천광역시,부평구,부평성모점,인천광역시 부평구 경인로962번길 27
273,인천광역시,부평구,부평센트렉스점,"인천광역시 부평구 부평대로 301, 센트렉스빌딩  (청천동)"
274,인천광역시,부평구,부평시장역점,"인천광역시 부평구 부평대로 69, 부평시장  역(부평동) 지하층"
275,인천광역시,부평구,부평시장점,"인천광역시 부평구 주부토로 23, (부평동)"
276,인천광역시,부평구,부평아뜨리에점,"인천광역시 부평구 경원대로 1346, (부평동, 아뜨리에)"
277,인천광역시,부평구,부평아트점,인천광역시 부평구 이규보로95번길 25
278,인천광역시,계양구,부평앰코코리아점,인천광역시 계양구 아나지로 110 앰코테크놀로지코리아(주)
279,인천광역시,부평구,부평에이에프점,"인천광역시 부평구 경인로735번길 3, (십정동)"
280,인천광역시,부평구,부평역사1호점,"인천광역시 부평구 광장로 16, (부평동) 하선승강장"
281,인천광역시,부평구,부평역사2호점,"인천광역시 부평구 광장로 16,(부평동)  상선승강장"
282,인천광역시,부평구,부평우림점,"인천광역시 부평구 부평대로 283, 우림라이온스밸리  (청천동)"
283,인천광역시,부평구,부평일신동2호점,"인천광역시 부평구 일신로 8, (일신동)"
284,인천광역시,부평구,부평일신동점,"인천광역시 부평구 일신로14번길 16, (일신동)"
285,인천광역시,부평구,부평정일점,인천광역시 부평구 부흥북로58번길 19-4
286,인천광역시,부평구,부평제일점,"인천광역시 부평구 주부토로 74, (부평동)"
287,인천광역시,부평구,부평중부점,"인천광역시 부평구 부흥북로96번길 12, (부평동) 1층 103,104호"
288,인천광역시,부평구,부평지하상가점,"인천광역시 부평구 광장로 지하 15, (부평동) 지하부평역"
289,인천광역시,부평구,부평진선미점,"인천광역시 부평구 경원대로 1417, (부평동)"
290,인천광역시,부평구,부평코아점,"인천광역시 부평구 광장로 4, (부평동)"
291,부산광역시,중구,부평타워점,"부산광역시 중구 대청로 22, (부평동4가, 향원부평타워)"
292,인천광역시,부평구,부평한국점,"인천광역시 부평구 동수로 121, (부개동)"
293,인천광역시,부평구,부평해인2호점,인천광역시 부평구 원적로 471
294,인천광역시,부평구,부평해인점,인천광역시 부평구 원적로488번길 15
295,인천광역시,부평구,부평해피점,"인천광역시 부평구 경인로 903-1, (부평동)"
296,인천광역시,부평구,부평행복점,"인천광역시 부평구 남부역로 10, (부평동)"
297,인천광역시,부평구,부평향기점,"인천광역시 부평구 부흥로 366, (부평동)"
298,인천광역시,부평구,부평현대점,"인천광역시 부평구 화랑로 14, 상건물 (산곡동) 1층 101호"
299,인천광역시,부평구,부평형제점,"인천광역시 부평구 광장로30번길 78, (부평동, 다빈아파트) 101호"
300,서울특별시,서대문구,북가좌1동점,"서울특별시 서대문구 거북골로 223, (북가좌동)"
301,서울특별시,서대문구,북가좌공원점,"서울특별시 서대문구 증가로20가길 82,  (북가좌동) 1층"
302,서울특별시,서대문구,북가좌뉴욕점,"서울특별시 서대문구 거북골로20길 53-41, (북가좌동, 영주아트빌) 1층 101호"
303,서울특별시,서대문구,북가좌삼거리점,"서울특별시 서대문구 수색로 144, (북가좌동)"
304,서울특별시,서대문구,북가좌에셀점,"서울특별시 서대문구 응암로2길 10, (북가좌동)"
305,서울특별시,서대문구,북가좌월드컵점,"서울특별시 서대문구 수색로10길 40,  (북가좌동) 1층"
306,서울특별시,서대문구,북가좌으뜸점,"서울특별시 서대문구 증가로 222, (북가좌동)"
307,,,북가좌제일점, 
308,서울특별시,서대문구,북가좌증가로점,"서울특별시 서대문구 증가로20길 13, 북가좌동  (북가좌동) 1층"
309,서울특별시,서대문구,북가좌증산교점,"서울특별시 서대문구 증가로 264, (북가좌동)"
310,서울특별시,서대문구,북가좌행복점,"서울특별시 서대문구 거북골로14길 95,  (북가좌동) 1층"
311,서울특별시,서대문구,북가좌현대점,"서울특별시 서대문구 응암로 33, (북가좌동, 현대아파트) 1층 103호"
312,경상남도,창원시,북마산점,"경상남도 창원시 마산합포구 북성로 82, (상남동)"
313,경상북도,울진군,북면점,"경상북도 울진군 북면 울진북로 2112-1, (부구리)"
314,경기도,김포시,북변산호점,"경기도 김포시 북변1로16번길 31, (북변동)"
315,경기도,김포시,북변제일점,경기도 김포시 중구로 19 유진빌딩
316,경상북도,칠곡군,북삼오태점,"경상북도 칠곡군 북삼읍 금오대로2길 60, (인평리)"
317,경상북도,칠곡군,북삼원룸점,"경상북도 칠곡군 북삼읍 안산2길 50, (인평리)"
318,경상북도,칠곡군,북삼인평원룸점,"경상북도 칠곡군 북삼읍 인강4길 24, (인평리)"
319,경상북도,칠곡군,북삼인평점,"경상북도 칠곡군 북삼읍 금오대로6길 4, (인평리)"
320,경상북도,칠곡군,북삼인평카페점,"경상북도 칠곡군 북삼읍 인평중앙로 33, (인평리)"
321,,,북삼중앙점, 
322,경상북도,칠곡군,북삼행복점,경상북도 칠곡군 북삼읍 북삼로 124
323,서울특별시,강북구,북서울꿈의숲점,"서울특별시 강북구 월계로 187, (번동)"
324,충청남도,아산시,북수원룸점,"충청남도 아산시 배방읍 배방로201번길 27, (북수리)"
325,경상남도,통영시,북신2호점,"경상남도 통영시 중앙로 303-18, (무전동)"
326,,,북아현뉴타운점, 
327,서울특별시,서대문구,북아현능안점,"서울특별시 서대문구 북아현로 96-1, (북아현동)"
328,서울특별시,서대문구,북아현에이스점,서울특별시 서대문구 북아현로2길 10
329,서울특별시,서대문구,북아현중앙점,"서울특별시 서대문구 북아현로 72, (북아현동)"
330,서울특별시,서대문구,북아현추계점,"서울특별시 서대문구 북아현로 40, 7(북아현동, 북아현경남아파트) 101동 101호"
331,서울특별시,종로구,북악대로점,서울특별시 종로구 평창문화로 148 상경빌딩
332,서울특별시,종로구,북악팔각정점,"서울특별시 종로구 북악산로 267, (평창동)"
333,경상남도,창원시,북원로터리점,"경상남도 창원시 진해구 여명로 6, (여좌동)"
334,경상남도,양산시,북정2호점,"경상남도 양산시 북정11길 16, (북정동)"
335,경상남도,양산시,북정원룸점,"경상남도 양산시 고향의봄10길 22,  (북정동) 1층"
336,충청북도,충주시,북충주IC점,"충청북도 충주시 중앙탑면 감노로 2113-3, (하구암리)"
337,경상북도,포항시,북포항CGV점,경상북도 포항시 북구 서동로 93
338,경기도,가평군,북한강로청평점,"경기도 가평군 청평면 북한강로 2060, 청평원  (삼회리)"
339,서울특별시,은평구,북한산공원점,"서울특별시 은평구 대서문길 21, (진관동)"
340,인천광역시,서구,북항센터점,인천광역시 서구 건지로 33
341,경기도,성남시,분당BS타워점,"경기도 성남시 분당구 황새울로258번길 29,  (수내동)"
342,경기도,성남시,분당건영점,"경기도 성남시 분당구 서현로478번길 14, (분당동)"
343,경기도,성남시,분당구미점,"경기도 성남시 분당구 금곡로 115, (구미동, 두앙노빌리티빌라3차)"
344,경기도,성남시,분당그랑시아점,경기도 성남시 분당구 구미로9번길 10 세종그랑시아오피스텔
345,경기도,성남시,분당까치마을점,경기도 성남시 분당구 미금일로 22 까치마을주공2단지아파트
346,경기도,성남시,분당나우점,"경기도 성남시 분당구 서현로357번길 4, (서현동)"
347,경기도,성남시,분당동원점,"경기도 성남시 분당구 동원로 16,  (동원동) 1층 가동"
348,경기도,성남시,분당매화마을점,"경기도 성남시 분당구 벌말로30번길 32, (야탑동) 매화마을건영빌라"
349,경기도,성남시,분당목련점,"경기도 성남시 분당구 야탑로 243, (야탑동) 105호"
350,경기도,성남시,분당무지개점,"경기도 성남시 분당구 미금로 39, (구미동) 107호"
351,경기도,성남시,분당백현마을점,"경기도 성남시 분당구 판교역로 100, 상가동(백현동, 백현마을6단지주공아파트) 1층 102호"
352,경기도,성남시,분당백현점,"경기도 성남시 분당구 동판교로52번길 19, (백현동)"
353,경기도,성남시,분당상록마을점,"경기도 성남시 분당구 정자일로 80, (정자동)"
354,경기도,성남시,분당서울대학교병원점,"경기도 성남시 분당구 구미로173번길 82, (구미동)"
355,경기도,성남시,분당서현점,"경기도 성남시 분당구 분당로53번길 9,  (서현동)"
356,경기도,성남시,분당서현타운점,"경기도 성남시 분당구 불정로420번길 5,  (서현동) 1층"
357,경기도,성남시,분당선경점,"경기도 성남시 분당구 미금일로 58, 동(구미동, 까치마을롯데선경4단지아파트) 101호"
358,경기도,성남시,분당수내점,"경기도 성남시 분당구 발이봉로 6,  (수내동) 1층"
359,경기도,성남시,분당시그마2점,"경기도 성남시 분당구 탄천상로 164, 제층제비(구미동, 시그마2오피스텔) 지하층 1동 18호"
360,경기도,성남시,분당아리온점,"경기도 성남시 분당구 성남대로172번길 12, 현대아리온오피스텔 제(금곡동) 1층 23호"
361,경기도,성남시,분당우성점,"경기도 성남시 분당구 돌마로 481, 우성프라자 (서현동) 119호"
362,경기도,성남시,분당이매역점,"경기도 성남시 분당구 이매로 80,  (이매동) 1층"
363,경기도,성남시,분당이매점,"경기도 성남시 분당구 판교로 476, (이매동)"
364,경기도,성남시,분당장안점,"경기도 성남시 분당구 선지봉로 5,  (분당동) 1층"
365,경기도,성남시,분당장안타운점,경기도 성남시 분당구 분당로343번길 8
366,경기도,성남시,분당정든마을점,"경기도 성남시 분당구 불곡남로21번길 8,  (정자동) 1층"
367,경기도,성남시,분당정자리더스점,"경기도 성남시 분당구 불곡로 4, 리더스프라자 -(정자동) 1층 105호"
368,경기도,성남시,분당정자점,"경기도 성남시 분당구 내정로17번길 3, (정자동)"
369,경기도,성남시,분당정자중앙점,"경기도 성남시 분당구 백현로144번길 19-2, (정자동)"
370,경기도,성남시,분당청솔점,경기도 성남시 분당구 금곡로 263 청솔마을공무원아파트
371,경기도,성남시,분당청이점,"경기도 성남시 분당구 구미로75번길 11, 산프라자 상가-상가동~105호(구미동) 104동 104호"
372,경기도,성남시,분당초림점,"경기도 성남시 분당구 수내로46번길 26, (수내동)"
373,경기도,성남시,분당파라곤점,"경기도 성남시 분당구 느티로 22, (정자동, 상록마을백궁동양파라곤) 104호"
374,경기도,성남시,분당판교점,"경기도 성남시 분당구 서판교로 164, (판교동)"
375,경기도,성남시,분당폴라리스점,"경기도 성남시 분당구 성남대로 381, 폴라리스빌당 제(정자동)"
376,충청북도,청주시,분평원룸점,"충청북도 청주시 서원구 안뜸로 56, (분평동)"
377,서울특별시,은평구,불광NC점,"서울특별시 은평구 통일로65길 12-8,  (대조동) 1층"
378,서울특별시,은평구,불광대조점,"서울특별시 은평구 통일로69길 7,  (대조동) 1층"
379,서울특별시,은평구,불광세명점,서울특별시 은평구 통일로92가길 24
380,서울특별시,은평구,불광어게인점,"서울특별시 은평구 연서로 284, (불광동) 1층 104호"
381,서울특별시,은평구,불광연서로점,"서울특별시 은평구 연서로 310, (불광동)"
382,서울특별시,은평구,불광연신내점,"서울특별시 은평구 연서로33길 8, 코너  (불광동)"
383,서울특별시,은평구,불광으뜸점,"서울특별시 은평구 불광로 176, (불광동)"
384,서울특별시,은평구,불광중앙점,"서울특별시 은평구 통일로88길 12-3, (불광동)"
385,서울특별시,은평구,불광캐슬점,"서울특별시 은평구 불광로 64, 상가동 불광롯데캐슬(불광동) 108호"
386,서울특별시,은평구,불광행복점,"서울특별시 은평구 통일로68길 14,  (불광동) 1층"
387,서울특별시,은평구,불광현대점,"서울특별시 은평구 연서로 341,  (불광동) 1층"
388,충청남도,천안시,불당풍림점,"충청남도 천안시 서북구 불당14로 11, (불당동,불당풍림아이원아파트) 1층"
389,인천광역시,서구,불로원룸점,인천광역시 서구 검단로 755번길2 (불로동) 바바리안
390,인천광역시,서구,불로월드점,"인천광역시 서구 검단로 842, 제중앙(불로동, 월드아파트)"
391,인천광역시,서구,불로캉가루점,"인천광역시 서구 검단로768번길 14, 캉가루프라자  (불로동)"
392,경상남도,양산시,블루데이점,"경상남도 양산시 삼호동부로 164, (삼호동)"
393,인천광역시,연수구,비류원룸점,"인천광역시 연수구 비류대로347번길 5, (연수동)"
394,경기도,화성시,비봉프리미엄점,"경기도 화성시 비봉면 화성로 1626, (양노리)"
395,경기도,안양시,비산관악대로점,"경기도 안양시 동안구 관악대로263번길 62, (비산동)"
396,대구광역시,서구,비산네거리점,대구광역시 서구 국채보상로 369
397,대구광역시,서구,비산북부점,"대구광역시 서구 달서천로57길 31, (비산동)"
398,대구광역시,서구,비산제일점,대구광역시 서구 달서로 163
399,광주광역시,광산구,비아안길점,"광주광역시 광산구 비아안길 59,  (비아동) 1층"
400,전라남도,나주시,비지에프로지스나주점,"전라남도 나주시 동수농공단지길 78, (동수동)"
401,경상남도,김해시,빙그레휴게소점,경상남도 김해시 한림면 김해대로 910
402,경상남도,사천시,사남공단점,"경상남도 사천시 사남면 사남로 1094, (죽천리)"
403,경기도,남양주시,사능경진점,"경기도 남양주시 진건읍 사릉로442번길 27, (용정리)"
404,서울특별시,동작구,사당갯마을점,"서울특별시 동작구 동작대로43길 1, B(동작동, 환빌딩)"
405,서울특별시,동작구,사당남성점,"서울특별시 동작구 사당로16가길 34, (사당동)"
406,서울특별시,관악구,사당남현점,"서울특별시 관악구 남현3길 62, (남현동)"
407,서울특별시,동작구,사당대승점,"서울특별시 동작구 동작대로27가길 20, (사당동)"
408,서울특별시,동작구,사당보라점,"서울특별시 동작구 동작대로29가길 20, (사당동)"
409,서울특별시,동작구,사당서달산점,서울특별시 동작구 사당로23길 215
410,서울특별시,동작구,사당예술점,"서울특별시 동작구 남부순환로 2029, (사당동)"
411,서울특별시,동작구,사당주영점,"서울특별시 동작구 동작대로29길 127, (사당동)"
412,서울특별시,동작구,사당태양점,"서울특별시 동작구 동작대로35길 25, (사당동)"
413,경기도,안산시,사동대학로점,"경기도 안산시 상록구 항가울로 233, (사동)"
414,경상북도,경산시,사동센타점,경상북도 경산시 백양로29길 15-4
415,경상북도,경산시,사동에이스점,경상북도 경산시 계양로8길 69
416,경기도,부천시,사랑방점,"경기도 부천시 오정구 오정로 79, (삼정동)"
417,강원도,정선군,사북베가스점,"강원도 정선군 사북읍 사북1길 40, 필지(사북리) 3호"
418,부산광역시,사상구,사상감전점,"부산광역시 사상구 새벽로167번길 32, (감전동)"
419,부산광역시,사상구,사상남문점,"부산광역시 사상구 새벽로167번길 82, (감전동)"
420,부산광역시,사상구,사상덕포점,"부산광역시 사상구 사상로 369, (덕포동)"
421,부산광역시,사상구,사상서부점,"부산광역시 사상구 사상로211번길 12, (괘법동)"
422,부산광역시,사상구,사상엄궁점,"부산광역시 사상구 엄궁로 203, 필지(엄궁동) 1호"
423,부산광역시,사상구,사상정원점,"부산광역시 사상구 주례로 10, (주례동)"
424,부산광역시,사상구,사상지하철역점,"부산광역시 사상구 광장로 83, (괘법동)"
425,대구광역시,수성구,사월보성점,"대구광역시 수성구 달구벌대로651길 23, 102 201(신매동, 시지신매보성타운3차아파트) 101동 101호"
426,부산광역시,동래구,사직KCC점,부산광역시 동래구 사직북로 64 사직KCC스위첸
427,,,사직롯데캐슬점, 
428,부산광역시,동래구,사직사거리점,부산광역시 동래구 아시아드대로 131-1
429,부산광역시,동래구,사직역점,"부산광역시 동래구 석사로 46, (사직동)"
430,부산광역시,동래구,사직자이언츠파크점,"부산광역시 동래구 사직북로 4, 사직동자이언츠파크  (사직동)"
431,부산광역시,동래구,사직제일점,"부산광역시 동래구 사직북로 32, (사직동)"
432,경상남도,사천시,사천곤양점,"경상남도 사천시 곤양면 서삼로 3, (남문외리)"
433,경상남도,사천시,사천남양점,"경상남도 사천시 진삼로 133, (송포동)"
434,경상남도,사천시,사천대로점,"경상남도 사천시 삼천포대교로 500-7, (동림동)"
435,경상남도,사천시,사천덕진아파트점,"경상남도 사천시 사천읍 옥산로 97, (선인리, 덕진봄아파트)"
436,경상남도,사천시,사천동금점,"경상남도 사천시 남일로 64, (동금동)"
437,경상남도,사천시,사천동서공원점,경상남도 사천시 유람선길 137 1층
438,경상남도,사천시,사천들샘점,"경상남도 사천시 사남면 방지로 117, (방지리)"
439,,,사천리가점, 
440,경상남도,사천시,사천바다점,"경상남도 사천시 중앙로 16-1, (선구동)"
441,경상남도,사천시,사천벌리신우점,"경상남도 사천시 주공로 53, 삼보신우타운"
442,경상남도,사천시,사천벌리점,"경상남도 사천시 주공로 13, (벌리동)"
443,경상남도,사천시,사천벌리희망점,"경상남도 사천시 벌리로 37, (벌리동)"
444,경상남도,사천시,사천사남화전점,"경상남도 사천시 사남면 진삼로 1126, (화전리)"
445,경상남도,사천시,사천선인점,"경상남도 사천시 사천읍 사천향교로 1, (선인리)"
446,경상남도,사천시,사천송포점,경상남도 사천시 삼천포대교로 839
447,,,사천아르떼점, 
448,경상남도,사천시,사천와룡점,"경상남도 사천시 벌리6길 51, (벌리동)"
449,경상남도,사천시,사천와룡카페점,경상남도 사천시 상강청길 14 대경파미르
450,경상남도,사천시,사천은하수점,"경상남도 사천시 사천읍 진삼로 1475, (수석리)"
451,경상남도,사천시,사천정동고읍점,경상남도 사천시 정동면 진삼로 1414
452,경상남도,사천시,사천정동삼성점,"경상남도 사천시 정동면 옥산로 328, -102호(풍정리, 삼성항공사천공장사원사택) 1층 109동 101호"
453,경상남도,사천시,사천정의점,"경상남도 사천시 사천읍 수양로 97, (정의리)"
454,경상남도,사천시,사천제일점,"경상남도 사천시 사천읍 읍내1길 36, (평화리)"
455,경상남도,사천시,사천주공점,"경상남도 사천시 벌리4길 100, (벌리동)"
456,,,사천초양점, 
457,,,사천카이점, 
458,경상남도,사천시,사천평화점,"경상남도 사천시 사천읍 수양로 26, (평화리)"
459,경상남도,사천시,사천한보점,"경상남도 사천시 정동면 진삼로 1388, (고읍리, 사천한보3차아파트)"
460,경상남도,사천시,사천향촌사랑점,경상남도 사천시 남일로 129 대성창호
461,경상남도,사천시,사천향촌점,"경상남도 사천시 안숲뫼길 27, (향촌동)"
462,경상남도,사천시,사천향촌행복점,"경상남도 사천시 삼상로 116, (향촌동)"
463,부산광역시,사하구,사하감천점,"부산광역시 사하구 옥천로 29, (감천동)"
464,부산광역시,사하구,사하역점,"부산광역시 사하구 낙동대로 301, (괴정동, 일동지에닌)"
465,,,사하이편한2차점, 
466,,,사하이편한세상점, 
467,대구광역시,북구,산격동신점,"대구광역시 북구 연암공원로 57, (산격동)"
468,대구광역시,북구,산격원룸점,"대구광역시 북구 산격로10길 34, (산격동)"
469,대구광역시,북구,산격점,"대구광역시 북구 산격로 97, (산격동)"
470,대구광역시,북구,산격한아름점,"대구광역시 북구 산격로14길 37, (산격동)"
471,인천광역시,부평구,산곡경남점,"인천광역시 부평구 안남로 229, (산곡동)"
472,인천광역시,부평구,산곡삼보점,"인천광역시 부평구 원적로 286, (산곡동)"
473,인천광역시,부평구,산곡한양점,"인천광역시 부평구 마장로 287, (산곡동, 한양아파트)"
474,인천광역시,부평구,산곡한화점,"인천광역시 부평구 마장로 320, 한화프라자 (산곡동) 105호"
475,인천광역시,부평구,산곡향기점,인천광역시 부평구 마장로 250 신일빌딩
476,인천광역시,부평구,산곡현대점,"인천광역시 부평구 원적로 265, (산곡동)"
477,경상남도,양산시,산막공단점,"경상남도 양산시 산막공단로 16, (북정동)"
478,경상남도,양산시,산막대로점,경상남도 양산시 상북면 와곡4길 42 1층
479,경상남도,양산시,산막마루점,"경상남도 양산시 산막공단남8길 6, (호계동)"
480,경기도,군포시,산본금산점,경기도 군포시 금산로62번길 11
481,경기도,군포시,산본래미안점,"경기도 군포시 금산로 89, 1115(산본동, 래미안하이어스)"
482,경기도,군포시,산본무궁화점,"경기도 군포시 산본로 294, (금정동)"
483,경기도,군포시,산본역점,"경기도 군포시 산본로323번길 16-6, (산본동)"
484,경기도,군포시,산본중앙로점,"경기도 군포시 광정로 78, 유공프라자 (산본동) 105호"
485,경기도,군포시,산본중앙점,"경기도 군포시 산본로323번길 16-36, (산본동)"
486,광주광역시,동구,산수조운점,"광주광역시 동구 무등로449번길 22-28, (산수동)"
487,전라남도,목포시,산정라인점,"전라남도 목포시 원산로69번길 28, (산정동)"
488,광주광역시,광산구,산정어등점,"광주광역시 광산구 용아로297번길 58-26, (산정동)"
489,광주광역시,광산구,산정원룸점,"광주광역시 광산구 산정공원로 95, (산정동)"
490,전라남도,목포시,산정중앙점,"전라남도 목포시 원산중앙로 44, (산정동)"
491,경기도,포천시,산정호수한화리조트점,"경기도 포천시 영북면 산정호수로 402,  하(산정리)"
492,경상남도,산청군,산청경호강점,"경상남도 산청군 산청읍 웅석봉로 62, 산청읍신축  (옥산리)"
493,경상남도,산청군,산청금서공단점,"경상남도 산청군 금서면 친환경로 2537, (매촌리)"
494,경상남도,산청군,산청덕산점,"경상남도 산청군 시천면 남명로200번길 4, (사리)"
495,경상남도,산청군,산청원지점,"경상남도 산청군 신안면 원지로 21, (하정리) 1층"
496,경기도,김포시,산타마리아점,"경기도 김포시 김포한강1로51번길 28, 산타마리아건물  (장기동)"
497,경기도,용인시,삼가대로점,"경기도 용인시 처인구 삼가로 14, (삼가동)"
498,광주광역시,북구,삼각원룸점,"광주광역시 북구 송해로 47-1, (삼각동)"
499,광주광역시,북구,삼각타운점,"광주광역시 북구 설죽로389번길 71, (삼각동)"
500,경상남도,김해시,삼계아이파크점,"경상남도 김해시 김해대로 1870, (삼계동, 삼계아이파크)"
501,경상남도,김해시,삼계원룸점,"경상남도 김해시 삼계중앙로6번길 12, (삼계동)"
502,경상남도,김해시,삼계중앙점,"경상남도 김해시 삼계중앙로 49, 건물 (삼계동) 1층 102호"
503,경상남도,김해시,삼계하승점,"경상남도 김해시 생림대로 11, (삼계동)"
504,대구광역시,중구,삼덕대로점,"대구광역시 중구 달구벌대로 2145, (삼덕동1가)"
505,대구광역시,중구,삼덕점,대구광역시 중구 달구벌대로 2211
506,대구광역시,중구,삼덕청아람점,대구광역시 중구 동덕로26길 45
507,부산광역시,사상구,삼락공단점,"부산광역시 사상구 사상로319번길 41, (삼락동)"
508,경상남도,김해시,삼방백억점,"경상남도 김해시 삼안로196번길 1, (삼방동)"
509,경상남도,김해시,삼방해피점,"경상남도 김해시 삼안로255번길 31, 경상남도김해시 인제로    삼방동(삼방동)"
510,경상북도,영덕군,삼사공원점,"경상북도 영덕군 강구면 해상공원길 71, (삼사리)"
511,울산광역시,남구,삼산나인점,"울산광역시 남구 삼산로308번길 3, (삼산동)"
512,인천광역시,부평구,삼산농산물시장점,"인천광역시 부평구 영성동로 46, 삼산농산물도매시장  (삼산동)"
513,울산광역시,남구,삼산도토리점,"울산광역시 남구 번영로246번길 14, (삼산동)"
514,인천광역시,부평구,삼산드림점,"인천광역시 부평구 평천로 396, 드림프라자  (삼산동)"
515,울산광역시,남구,삼산미래점,"울산광역시 남구 정동로 7, (삼산동)"
516,인천광역시,부평구,삼산미래타운점,"인천광역시 부평구 부평북로 433, (삼산동)"
517,울산광역시,남구,삼산삼신현대점,울산광역시 남구 삼산중로 135 삼산삼신현대아파트
518,울산광역시,남구,삼산선봉점,"울산광역시 남구 돋질로 253, (삼산동)"
519,울산광역시,남구,삼산세양점,"울산광역시 남구 돋질로401번길 12, (삼산동, 세양청구마을)"
520,울산광역시,남구,삼산엔젤점,"울산광역시 남구 남중로74번길 36, (삼산동)"
521,인천광역시,부평구,삼산주공점,"인천광역시 부평구 충선로 303, (삼산동)"
522,인천광역시,부평구,삼산중앙점,"인천광역시 부평구 후정동로25번길 8, 강남상가  (삼산동)"
523,인천광역시,부평구,삼산타운점,"인천광역시 부평구 체육관로 40, 신영프라자  (삼산동)"
524,인천광역시,부평구,삼산한길점,"인천광역시 부평구 영성중로15번길 6, (삼산동)"
525,서울특별시,성북구,삼선동4가점,"서울특별시 성북구 삼선교로 69, (삼선동4가)"
526,부산광역시,사상구,삼선병원점,"부산광역시 사상구 가야대로 326, (주례동)"
527,서울특별시,성북구,삼선중앙점,서울특별시 성북구 보문로31길 6
528,서울특별시,강남구,삼성1호점,"서울특별시 강남구 테헤란로69길 9, (삼성동)"
529,서울특별시,강남구,삼성경기고점,서울특별시 강남구 학동로 520 삼예빌딩
530,경기도,용인시,삼성교통박물관점,"경기도 용인시 처인구 포곡읍 에버랜드로376번길 171, (유운리)"
531,서울특별시,강남구,삼성대웅점,"서울특별시 강남구 봉은사로 630, (삼성동)"
532,대구광역시,수성구,삼성라이온즈파크1B호,"대구광역시 수성구 야구전설로 1, 대구삼성라이온즈파크 (연호동)"
533,대구광역시,수성구,삼성라이온즈파크1호,"대구광역시 수성구 야구전설로 1, 대구삼성라이온즈파크 (연호동)"
534,대구광역시,수성구,삼성라이온즈파크2호,"대구광역시 수성구 야구전설로 1, 대구삼성라이온즈파크 (연호동)"
535,대구광역시,수성구,삼성라이온즈파크3호,"대구광역시 수성구 야구전설로 1, 대구삼성라이온즈파크 (연호동)"
536,대구광역시,수성구,삼성라이온즈파크5호,"대구광역시 수성구 야구전설로 1, 대구삼성라이온즈파크 (연호동)"
537,서울특별시,강남구,삼성럭키점,"서울특별시 강남구 봉은사로59길 32,  (삼성동) 1동"
538,서울특별시,강남구,삼성로점,"서울특별시 강남구 삼성로103길 7, (삼성동)"
539,서울특별시,강남구,삼성리저브점,"서울특별시 강남구 삼성로 517, (삼성동, 채널리저브)"
540,서울특별시,강남구,삼성마젤란점,서울특별시 강남구 테헤란로87길 17 마젤란21아스테리움
541,서울특별시,강남구,삼성백암점,서울특별시 강남구 테헤란로113길 7 백암아트센터
542,서울특별시,종로구,삼성병원2호점,"서울특별시 종로구 새문안로 29, 강북삼성병원 내(평동)"
543,,,삼성병원3호점, 
544,서울특별시,종로구,삼성병원점,"서울특별시 종로구 새문안로 29, 강북삼성병원  내(평동)"
545,경상남도,거제시,삼성사외기숙사점,"경상남도 거제시 장평2로4길 11, (장평동)"
546,서울특별시,강남구,삼성선능점,"서울특별시 강남구 테헤란로63길 8, (삼성동)"
547,서울특별시,강남구,삼성신코점,"서울특별시 강남구 봉은사로 627, (삼성동)"
548,서울특별시,강남구,삼성아이파크점,"서울특별시 강남구 삼성로119길 14, (삼성동)"
549,서울특별시,강남구,삼성암센터점,"서울특별시 강남구 일원로 81, 암센터 일원동 지(일원동) 1층 하호"
550,서울특별시,강남구,삼성애플트리점,"서울특별시 강남구 테헤란로 443, (삼성동)"
551,서울특별시,강동구,삼성엔지니어링점,"서울특별시 강동구 상일로6길 26, 글로벌엔지니어링센터  (상일동)"
552,서울특별시,강남구,삼성우주점,"서울특별시 강남구 영동대로118길 7, (삼성동)"
553,서울특별시,강남구,삼성위브점,"서울특별시 강남구 테헤란로83길 14, 상가삼성동  (삼성동)"
554,경기도,군포시,삼성은혜점,경기도 군포시 고산로 646-28 장미아파트상가
555,서울특별시,서초구,삼성전자본점,"서울특별시 서초구 서초대로74길 11,  하(서초동) 2층"
556,경기도,수원시,삼성전자소재단지점,"경기도 수원시 영통구 삼성로 130, 삼성전자공업  컨벤션동  단지(매탄동) 2층"
557,경기도,수원시,삼성전자주차타워점,"경기도 수원시 영통구 삼성로 130, (매탄동)"
558,경상남도,창원시,삼성창원병원1호점,"경상남도 창원시 마산회원구 팔용로 158, (합성동)"
559,경상남도,창원시,삼성창원병원3호점,"경상남도 창원시 마산회원구 팔용로 158, 삼성창원병원  (합성동)"
560,서울특별시,강남구,삼성한우리점,"서울특별시 강남구 삼성로104길 18, (삼성동)"
561,서울특별시,강남구,삼성햇살점,"서울특별시 강남구 봉은사로68길 45, 영경빌딩  (삼성동)"
562,서울특별시,강남구,삼성현대점,"서울특별시 강남구 학동로68길 7, (삼성동)"
563,경기도,고양시,삼송로얄점,"경기도 고양시 덕양구 세솔로 110, (삼송동)"
564,경기도,고양시,삼송상록점,"경기도 고양시 덕양구 덕수천1로 60, 유림프라자 (삼송동) 103호"
565,경기도,고양시,삼송우남점,"경기도 고양시 덕양구 통일로 374, (신원동, 신원마을우남퍼스트빌1단지아파트)"
566,경기도,고양시,삼송우림점,"경기도 고양시 덕양구 신원로 55, 518 우림필류브로힐호(신원동, 신원마을5단지우림필유아파트) 518동 103호"
567,,,삼송유성점, 
568,경기도,고양시,삼송중앙점,"경기도 고양시 덕양구 삼원로 24, (삼송동)"
569,경기도,고양시,삼송테크노밸리A동점,"경기도 고양시 덕양구 통일로 140, 삼송테크노밸리 동산동 통일로 140(동산동) A동 153호"
570,경기도,고양시,삼송테크노밸리B동점,"경기도 고양시 덕양구 통일로 140, 삼송테크노밸리 동산동 통일로 140(동산동) B동 150호"
571,경기도,고양시,삼송현대프라자점,"경기도 고양시 덕양구 동산2로 1, (동산동)"
572,경기도,고양시,삼송호평점,"경기도 고양시 덕양구 권율대로 886, 평프라자 (신원동) 107호"
573,서울특별시,노원구,삼육대학생회관점,"서울특별시 노원구 화랑로 815, 공릉동삼육대학교  학생회관(공릉동) 1층"
574,경기도,남양주시,삼육대후문점,"경기도 남양주시 불암로 37, (별내동)"
575,서울특별시,송파구,삼전무지개점,"서울특별시 송파구 백제고분로28길 25, (삼전동)"
576,서울특별시,송파구,삼전배명점,"서울특별시 송파구 삼학사로 33, 동원빌딩  (삼전동)"
577,서울특별시,송파구,삼전점,"서울특별시 송파구 백제고분로22길 37,  (삼전동, 현대아파트) 1층 101동"
578,서울특별시,송파구,삼전현대점,"서울특별시 송파구 백제고분로21길 5, (삼전동)"
579,서울특별시,송파구,삼전희망점,"서울특별시 송파구 백제고분로22길 5, (삼전동)"
580,경기도,부천시,삼정타운점,"경기도 부천시 오정구 중동로 399, (삼정동)"
581,경상남도,김해시,삼정화인점,"경상남도 김해시 활천로16번길 10, (삼정동)"
582,강원도,삼척시,삼척SK남양점,"강원도 삼척시 오십천로 457, (남양동)"
583,강원도,삼척시,삼척교동점,"강원도 삼척시 청석로 67, 씨프라자 (교동) 1층 109호"
584,강원도,삼척시,삼척근덕대로점,"강원도 삼척시 근덕면 삼척로 3665, (교가리)"
585,강원도,삼척시,삼척근덕용화점,"강원도 삼척시 근덕면 용화해변길 12, (용화리)"
586,강원도,삼척시,삼척근덕점,"강원도 삼척시 근덕면 삼척로 3650, (교가리)"
587,강원도,삼척시,삼척금메달휴게소점,"강원도 삼척시 근덕면 삼척로 2775, (매원리)"
588,강원도,삼척시,삼척대점,"강원도 삼척시 언장1길 66, (교동)"
589,강원도,삼척시,삼척대학로점,강원도 삼척시 대학로 30-2 해양돌구이
590,강원도,삼척시,삼척도계으뜸점,"강원도 삼척시 도계읍 도계로 226, (전두리)"
591,강원도,삼척시,삼척도계점,"강원도 삼척시 도계읍 도계로3길 6, (전두리)"
592,강원도,삼척시,삼척도계황조관점,강원도 삼척시 도계읍 황조길 346 강원대학교도계캠퍼스
593,강원도,삼척시,삼척메트로점,"강원도 삼척시 척주로 18, (남양동)"
594,강원도,삼척시,삼척사랑점,"강원도 삼척시 중앙로 257, (당저동)"
595,강원도,삼척시,삼척새시대점,"강원도 삼척시 정상안길 104, (정상동)"
596,강원도,삼척시,삼척새천년점,"강원도 삼척시 새천년도로 91-1, (정하동)"
597,강원도,삼척시,삼척시청앞점,"강원도 삼척시 교동로 19, (당저동)"
598,강원도,삼척시,삼척씨스포빌점,"강원도 삼척시 근덕면 상맹방길 30-80, (하맹방리) 1층"
599,강원도,삼척시,삼척의료원점,"강원도 삼척시 진주로 4, (남양동)"
600,강원도,삼척시,삼척임원점,"강원도 삼척시 원덕읍 삼척로 1198, (임원리)"
601,강원도,삼척시,삼척장호캠핑점,강원도 삼척시 근덕면 삼척로 2127
602,강원도,삼척시,삼척장호항점,강원도 삼척시 근덕면 장호길 122
603,강원도,삼척시,삼척조각공원점,"강원도 삼척시 새천년도로 333, 필지(교동) 3호"
604,강원도,삼척시,삼척중앙점,"강원도 삼척시 남양길 5, (남양동)"
605,강원도,삼척시,삼척증산해변점,강원도 삼척시 수로부인길 376
606,강원도,삼척시,삼척지웰점,강원도 삼척시 동해대로 4183 삼척교동지웰라티움
607,강원도,삼척시,삼척코아루타워점,"강원도 삼척시 교동로 95, (교동, 코아루타워아파트)"
608,강원도,삼척시,삼척해변점,강원도 삼척시 테마타운길 27 삼척테마타운3
609,강원도,삼척시,삼척현진에버빌점,"강원도 삼척시 정상로 37, (정상동, 현진에버빌)"
610,강원도,삼척시,삼척호산점,"강원도 삼척시 원덕읍 삼척로 425, (호산리)"
611,경상남도,사천시,삼천포점,"경상남도 사천시 주공로 24, (벌리동)"
612,경상남도,사천시,삼천포제일병원점,"경상남도 사천시 중앙로 136, (벌리동)"
613,경상남도,사천시,삼천포중앙점,"경상남도 사천시 동금2길 12, (동금동)"
614,경상남도,사천시,삼천포터미널앞점,"경상남도 사천시 중앙로 155, (벌리동)"
615,서울특별시,종로구,삼청골목길점,"서울특별시 종로구 북촌로5가길 33, (소격동)"
616,강원도,고성군,삼포해수욕장점,강원도 고성군 죽왕면 삼포해변길 10
617,서울특별시,서초구,삼풍중앙점,"서울특별시 서초구 서초중앙로28길 10, 삼덕물산  (서초동) 1층"
618,경상남도,양산시,삼호대로점,경상남도 양산시 삼호로 161
619,전라남도,영암군,삼호중앙점,"전라남도 영암군 삼호읍 삼호중앙로 139, (용앙리)"
620,제주특별자치도,제주시,삼화주공점,제주특별자치도 제주시 화삼북로2길 12
621,경기도,용인시,상갈그린점,"경기도 용인시 기흥구 금화로 107, 그린프라자 (상갈동) 2호"
622,서울특별시,노원구,상계11단지점,서울특별시 노원구 동일로227길 79 11단지복합상가
623,서울특별시,노원구,상계2동점,서울특별시 노원구 상계로12길 14
624,서울특별시,노원구,상계3단지점,"서울특별시 노원구 동일로 1379, (상계동) 다모아빌딩"
625,서울특별시,노원구,상계계상점,"서울특별시 노원구 한글비석로41가길 1, (상계동)"
626,서울특별시,노원구,상계대림점,서울특별시 노원구 상계로 193-14 상계대림아파트
627,서울특별시,노원구,상계벽산점,"서울특별시 노원구 한글비석로24길 32, (상계동)"
628,서울특별시,노원구,상계소영점,"서울특별시 노원구 노원로 560, 소영빌딩  (상계동)"
629,서울특별시,노원구,상계수락점,"서울특별시 노원구 동일로 1701, 희성오피앙  (상계동)"
630,서울특별시,노원구,상계아카시아점,"서울특별시 노원구 상계로9가길 23, (상계동)"
631,서울특별시,노원구,상계역점,"서울특별시 노원구 한글비석로23길 2, (상계동)"
632,서울특별시,노원구,상계주공점,"서울특별시 노원구 동일로 1345, (상계동)"
633,서울특별시,노원구,상계청솔점,"서울특별시 노원구 상계로26길 13, (상계동)"
634,서울특별시,노원구,상계푸르지오점,"서울특별시 노원구 한글비석로36길 87, (상계동)"
635,서울특별시,노원구,상계프라자점,"서울특별시 노원구 동일로 1368, (상계동)"
636,서울특별시,노원구,상계한신점,"서울특별시 노원구 동일로230길 31, 명안빌딩  (상계동)"
637,서울특별시,노원구,상계현대점,"서울특별시 노원구 덕릉로143길 23-10, (상계동)"
638,전라북도,완주군,상관IC울산바위점,"전라북도 완주군 상관면 춘향로 4605, (신리)"
639,경상남도,창원시,상남더센텀점,"경상남도 창원시 성산구 단정로 22, (상남동) 104호"
640,경상남도,창원시,상남봉림점,"경상남도 창원시 성산구 마디미로43번길 2, (상남동) 103호"
641,경상남도,창원시,상남스타타워점,"경상남도 창원시 성산구 중앙대로100번길 14, 스타타워 즈 제(상남동) 1층 125호"
642,경상남도,창원시,상남플러스점,"경상남도 창원시 성산구 마디미로44번길 13, 플러스타운 제(상남동) 1층 103호"
643,경상남도,창원시,상남피아노점,"경상남도 창원시 성산구 마디미로21번길 17, 상남피아노빌딩(상남동) 1층 101호"
644,경상남도,진주시,상대대복점,"경상남도 진주시 도동천로184번길 5, 상가 1(상대동, 대동아파트) 2호"
645,경기도,성남시,상대원마을점,"경기도 성남시 중원구 박석로 54, (상대원동)"
646,경기도,성남시,상대원제일점,경기도 성남시 중원구 희망로326번길 13
647,경기도,성남시,상대원타운점,"경기도 성남시 중원구 박석로33번길 19, (상대원동)"
648,서울특별시,동작구,상도4동점,"서울특별시 동작구 성대로1길 17-2, (상도동)"
649,서울특별시,동작구,상도국사봉길점,"서울특별시 동작구 국사봉길 90, (상도동)"
650,서울특별시,동작구,상도대로점,"서울특별시 동작구 상도로 292-1, (상도1동)"
651,서울특별시,동작구,상도두산점,"서울특별시 동작구 상도로30길 39, 제(상도동, 상도두산위브) 1층 120동 103호"
652,서울특별시,동작구,상도삼성점,"서울특별시 동작구 등용로 37, (상도동, 상도동래미안1차아파트)"
653,서울특별시,동작구,상도성대로점,"서울특별시 동작구 성대로10길 5, (상도동, 아네트빌)"
654,서울특별시,동작구,상도약수점,"서울특별시 동작구 양녕로28길 4, (상도동)"
655,서울특별시,동작구,상도엠코점,"서울특별시 동작구 상도로 346-1,  엠코타운상가 상도동 엠코타운(상도동, 엠코타운센트럴파크) 1층"
656,서울특별시,동작구,상도역점,"서울특별시 동작구 상도로 266, (상도1동)"
657,서울특별시,동작구,상도예강점,"서울특별시 동작구 성대로6길 32, (상도동)"
658,서울특별시,동작구,상도타운점,"서울특별시 동작구 상도로13길 2, (상도동)"
659,서울특별시,동작구,상도터널점,서울특별시 동작구 양녕로 280-1
660,서울특별시,동작구,상도포스코점,서울특별시 동작구 장승배기로10길 130(상도동) 1층
661,서울특별시,동작구,상도힐점,서울특별시 동작구 국사봉1길 166
662,경기도,부천시,상동대유그린점,"경기도 부천시 상일로 42, (상동) 상일주유소"
663,경기도,부천시,상동라일락점,"경기도 부천시 도약로 19, (상동) 동양프라자"
664,경기도,부천시,상동베스트점,"경기도 부천시 원미구 석천로38번길 13, (상동)"
665,경기도,부천시,상동센타점,"경기도 부천시 원미구 상동로 81, 센타프라자 (상동) 105호"
666,경기도,부천시,상동원미점,경기도 부천시 원미구 길주로 70 강산타운
667,경기도,부천시,상동풍림점,경기도 부천시 원미구 부흥로 49 백송마을풍림아이원
668,경기도,부천시,상동하나점,"경기도 부천시 원미구 상이로39번길 7-9, (상동)"
669,대구광역시,수성구,상동황금점,"대구광역시 수성구 청수로12길 12, (상동)"
